norsk;engelsk
et vann;a water
en melk;a milk
den;it, that
å spise;to eat
mannen;the man
kvinnen;the woman
et smørbrød;a sandwich
en bok;a book
å lese;to read
jenta;the girl
gutten;the boy
barnet;the child
et brev;a letter
en ris;a rice
en meny;a menu
å høre;to hear
å skrive;to write
å se;to see
noe;something, anything, some, any
en morgen;a morning
en dag;a day
en natt;a night
Hei.;Hi, Hello
Velkommen.;Welcome.
en kveld;an evening
God dag.;Good day.
God morgen.;Good morning.
God kveld.;Good evening.
God natt.;Good night.
et nei;a no
Vær så god.;Here you are, Go ahead
Takk.;Thank you.
et tusen;a thousand
Unnskyld.;Excuse me.
et ja;a yes
Vær så snill.;Please.
norsk;Norwegian
å elske;to love
å like;to like
Jeg beklager;I am sorry.
Beklager.;Sorry.
å snakke;to speak, talk
engelsk;English
God tur.;Have a nice trip.
God helg.;Have a nice weekend.
Ha en god dag.;Have a good day.
hyggelig;pleasant, nice
bra;well, fine
Bare bra.;Just fine.
Bare hyggelig.;You’re welcome, My pleasure
Hvordan har du det?;how are you?
Hvordan går det?;How’s it going?
Ha det.;Goodbye.
vi ses.;See you.
Jeg heter...;My name is...
å hete;to be called
en øl;a beer
en brus;a soda
en kaffe;a coffee
en appelsin;an orange
en tomat;a tomato
en sitron;a lemon
en frukt;a fruit
et jordbær;a strawberry
et sukker;a sugar
et salt;a salt
et egg;an egg
en ost;a cheese
en olje;an oil
en iskrem;an ice cream
en pepper;a pepper
en kopp;a cup
en kylling;a chicken
et kjøtt;a meat
en restaurant;a restaurant
en fisk;a fish
en vegetarianer;a vegetarian
en meny;a menu
et glass;a glass
en skje;a spoon
en kniv;a knife
en tallerken;a plate
en gaffel;a fork
en kokk;a cook, chef
en katt;a cat
en hund;a dog
en hest;a horse
en fugl;a bird
en bjørn;a bear
en elg;a moose, elk
en and;a duck
et dyr;an animal
en edderkopp;a spider
en krabbe;a crab
en elefant;an elephant
en skilpadde;a turtle
en ulv;a wolf
en rein;a reindeer
en maur;an ant
ei mus;a mouse
kaffen;the coffee
vinen;the wine
frukten;the fruit
teen;the tea
fugler;birds
katter;cats
hester;horses
elefanter;elephants
aviser;newspapers
mange;many
bøker;books
skilpadder;turtles
ender;ducks
sykler;bicycles
en lærer;a teacher
bjørner;bears
koner;wives
hytter;cabins
bygder;villages
noen;"someone, anyone; some,"
en sau;a sheep
sauer;sheep
en amerikaner;an American
amerikanere;americans
en grønnsak;a vegetable
grønnsaker;vegetables
brev;letters
barn;children
smørbrød;sandwiches
dyr;animals
jordbær;strawberries
epler;apples
kyllinger;chickens
hundene;the dogs
fuglene;the birds
hestene;the horses
fiskene;the fish, fishes
kokkene;the cooks
kattene;the cats
alle;all the, everyone
elgene;the moose
tallerkenene;the plates
elefantene;the elephants
bøkene;the books
endene;the ducks
mennene;the men
guttene;the boys
avisene;the newspapers
konene;the wives
kvinnene;the women
skilpaddene;the turtles
jentene;the girls
hyttene;the cabins
kyllingene;the chickens
dyrene;the animals
å stå;to stand
å sitte;to sit
å ligge;to lie
hvor;where
på;on
en stol;a chair
en seng;a bed
her;here
der;there
i;in
å bo;to live
en butikk;a shop
ved;by
et gulv;a floor
et speil;a mirror
et bord;a table
under;under
over;over
en lampe;a lamp
å henge;to hang
en vegg;a wall
bak;behind
et bilde;a picture
foran;in front of
ved siden av;next to
mellom;between
et gjerde;a fence
ute;outside, out
inne;inside, in
et tre;a tree
trær;trees
trærne;the trees
en bakke;a ground, hillside
en natur;a nature
oppe;up
blant;among
nede;down, downstairs
hjemme;at home
norge;norway
å leve;to live
å besøke;to visit
hos;at the house of
en kafé;a cafe
et hus;a house
utenfor;outside of
en grense;a border
innenfor;inside of, within
bortenfor;beyond
nedenfor;down past
å gå;to walk, go
å dra;to go, leave
å dra fra;to leave
å komme;to come
hjem;home
mot;against, towards
å legge seg;to go to sleep, go to bed
å legge;to lay
å sette;to set, put
dit;there
hit;here
å løpe;to run
etter;after
å sette seg;to sit down
tilbake;back
å svømme;to swim
frem;forward, forth
ned;down
et basseng;a pool
frem og tilbake;back and forth
gjennom;through
å fly;to fly
et vindu;a window
opp;up
inn;in, inside
forbi;past, by
å hoppe;to jump
inn i;into, inside
langs;along
rundt;around
omkring;around
ut;out, outside
rett;straight, right, directly
derfra;from there
herfra;from here
her omkring;around here
med;with
av;of, off
for;for
til;to, of
uten;without
overfor;across from, opposite
i stedet for;instead of
i stedet;instead
unntatt;except
ved hjelp av;using, with
veldig;very
hvit;white
hvitt;white
rosa;pink
grønn;green
grønt;green
fargerik;colorful
gul;yellow
gult;yellow
blå;blue
blått;blue
en brunost;a brown cheese
brun;brown
brunt;brown
oransje;orange
lys;light, bright
grå;grey
grått;grey
mørk;dark
lilla;purple
slem;mean
snill;kind
fattig;poor
rik;rich, wealthy
gammel;old
ung;young
stolt;proud
vennlig;friendly
glad;happy
pen;pretty
rar;weird, strange
streng;strict
en nordmann;a Norwegian
perfekt;perfect
vakker;beautiful
alvorlig;serious
farlig;dangerous
uvanlig;unusual, peculiar
en egenskap;a quality, characteristic
spesiell;special
berømt;famous
kjekk;handsome
til felles;in common
felles;common, shared
en familie;a family
en far;a father
fedre;fathers
en pappa;a dad
en mor;a mother
før;before
en tid;a time
ei klokke;a clock
Hva er klokka?;What time is it?
langsom;slow
rask;fast, quick, speedy
en helg;a weekend
en uke;a week
en ettermiddag;an afternoon
i kveld;tonight, this evening
et minutt;a minute
i mellomtiden;in the meantime
på sekundet;immediately
i løpet av;during, in the course of
et øyeblikk;a moment
for øyeblikket;at the moment
en alder;an age
et århundre;a century
et døgn;a 24 hour period
til alle døgnets tider;at all hours
døgnet rundt;around the clock
midnatt;midnight
å gå til sengs;to go to bed
et tiår;a decade
en fest;a party
en bursdag;a birthday
i morgen tidlig;tomorrow morning
i morgen;tomorrow
en fremtid;a future
en fortid;a past
nåtiden;the present
tidlig;early, previous
klokka;the time
ti over;ten past
kvart over;quarter past
halv;half
kvart på;quarter to
fem på;five to
i år;this year
i dag;today
om natten;at night
i fjor;last year
i helgen;on the weekend
en kalender;a calendar
en hverdag;a weekday, workday
en mandag;a Monday
en tirsdag;a Tuesday
en onsdag;a Wednesday
en torsdag;aThursday
en fredag;a Friday
en lørdag;a Saturday
en søndag;a Sunday
en referanse;a reference
en søknad;a job application
en vikar;a substitute, temp
fleksitid;flexible hours
fritid;free time
et reisebyrå;a travel agency
et byrå;an agency
setter inn;places, is placing
å søke på;to apply for
kan;can
å pleie;to tend
å bli;to become, get
å gå tur;to go for a walk
å bli med;to come along
å huske;to remember
for å;in order to
å holde;to hold, keep
å møte;to meet
må;must, has to
å få;to get, be allowed to
å lære;to learn
å bestemme;to decide
å regne med;to count on
å leie;to rent
å leie;to hold hands with
en leiebil;a rental car
å forklare;to explain
å forklare noen;to explain to someone
å endre;to change
å komme med;to come along
å komme frem;to arrive
å gi;to give
å tenke;to think
å tenke på;to think about
å fortsette;to continue
å begynne;to start, begin
å begynne på nytt;to start over
å danse;to dance
å prøve;to try, attempt, try on
å tro;to believe
å hjelpe;to help
å miste;to lose, drop
å forsøke;to attempt, try
å stenge;to close
å åpne;to open
hvorfor;why
hvordan;how
hvor mange;how many
å bære;to carry, bear
å orke;to have the energy
å undre seg;to wonder
å stole;to trust
å stanse;to stop moving, halt
en advokat;a lawyer
en utdanning;an education
profesjonell;professional
en pilot;a pilot
et yrke;a profession
en politibetjent;a police officer
en fotograf;a photographer
en fisker;a fisher
en karriere;a career
en farmasøyt;a pharmacist
en arkitekt;an architect
en skribent;a writer
en servitør;a waiter
en terapeut;a therapist
eller;or, nor
men;but
som;like, as
om;if, whether
hvis;if
at;that
for;for, because
fordi;because
mens;while
inntil;until
så;so, then
selv om;even though, although
også;also, too
nå;now
mer;more
litt;a little
alene;alone
godt;well, good
ganske;quite, rather, fairly
ofte;often
alltid;always
aldri;never
langt;far, long
av og til;now and then, some-
en innsjø;a lake
en stue;a living room
en bar;a bar
en bank;a bank
et museum;a museum
en kino;a cinema
et tårn;a tower
en eiendom;a property
et sentrum;a center, downtown
i sentrum;downtown
et fengsel;a prison
en bygning;a building
et palass;a palace
en skog;a forest
høyre;right
til høyre;to the right
venstre;left
til venstre for;to the left of
en innside;an inside
en allé;an avenue
en hovedstad;a capital city
et hjem;a home
en fabrikk;a factory
en havn;a port
en kyst;a coast
en gård;a farm
en fornøyelsespark;an amusement park
en forside;a front page, front
en tidssone;a timezone
en nærhet;"a vicinity, area; intimacy"
her i nærheta;in the area
en skogkatt;a forest cat
et vann;a lake
en penge;a money
en veske;a purse, bag
en nøkkel;a key
en ting;a thing
ting;things
en paraply;an umbrella
en tv;a TV
en roman;a novel
en radio;a radio
en radiobil;a bumper car
et kort;a card
en ring;a ring
en film;a film
å høre på;to listen to
en dør;a door
en flaske;a bottle
et tak;a roof
en leilighet;an apartment
et flagg;a flag
en pute;a pillow
en dyne;a duvet
en gardin;a curtain
et laken;a bedsheet
en kommode;a dresser
en skuff;a drawer
å ta av seg;to take off
et klesskap;a closet
å ta på seg;to put on
en tann;a tooth
å pusse;to brush
en børste;a brush
en tannbørste;a tooth brush
en tråd;a string, thread
en tanntråd;a dental floss
en krem;a cream
fuktig;humid, damp, moist
en fuktighetskrem;a lotion
en tannkrem;a toothpaste
en slags;a kind of
en hud;a skin
et hår;a hair
en kam;a comb
å føne;to blow-dry
en hårføner;a hairdryer
en sjampo;a shampoo
en balsam;a conditioner
å gre seg;to comb
et bad;a bathroom, bath
en maskin;a machine
en barberhøvel;a razor
en barbermaskin;an electric shaver
et skjegg;a beard
å barbere seg;to shave
å ta et bad;to take a bath
et ansikt;a face
et toalett;a toilet
en hånd;a hand
en såpe;a bar of soap
en vask;a sink, basin
et toalettpapir;a toilet paper
å tørke;to dry, wipe
et håndkle;a towel
håndklær;towels
å bade;to bathe
et badekar;a bathtub
en dusj;a shower
å dusje;to shower
en kropp;a body
voksen;adult, grown, grown up
personlig;personal
menneskelig;human
en herre;a lord, gentleman
i byen;in town
Mine damer og herrer;Ladies and Gentlemen
folkens;folks, guys, people
en penn;a pen
en blyant;a pencil
en perm;a cover, binder
et papir;a paper
en mappe;a folder
et skrivebord;a desk
en telefon;a phone
en saks;a pair of scissors
et nettbrett;a tablet
en heis;an elevator
et batteri;a battery
å klippe;to cut (with scissors)
en datamaskin;a computer
en skjerm;a screen
å kopiere;to copy
en kopimaskin;a copy machine
en kopi;a copy
en rapport;a report
en skriver;a printer
en plast;a plastic
en teip;a tape
en binders;a paper clip
en stiftemaskin;a stapler
et viskelær;an eraser
en mobil;a cell phone
å foretrekke;to prefer
å savne;to miss
å inneholde;to contain
å fylle;to fill
å slippe;to release, let (go), excuse
å skjønne;to understand
å knuse;to crush, smash
å blande;to mix, blend
å ligne;to resemble
å tilbringe;to spend, pass (time)
å bestille;to order, book
å undervise;to teach, instruct
å mene;"to mean, intend; believe, think, be of the opinion"
å bygge;to build
verken;neither
viss;certain, specific
enhver;"each, every; anyone"
noen ting;anything
alle og enhver;everyone
hvem andre;who else
om igjen;over again
å respektere;to respect
å passere;to pass by, pass
å importere;to import
å produsere;to produce
å presentere;to introduce, present
å servere;to serve
å fungere;to work, function
å reparere;to repair, fix
å ses;to see (each other)
å møtes;to meet each other
å trives;to thrive, enjoy oneself
å synes;to think (opinion)
å mislykkes;to fail
å forberede seg;to prepare
å oppføre seg;to behave
å skynde seg;to hurry
å ha lyst til å;to want to
å ha lyst på;to want, desire
å komme an;to depend
å spise opp;to eat up, finish
i ferd med å;about to
å skrive under;to sign
en gang;a time
en sum;a sum
minus;minus
pluss;plus
ganger;times, multiplied by
en gang til;one more time
null;zero
et tall;a number
et siffer;a digit
sifre;digits
sifrene;the digits
et antall;a number, number of
samtlige;all, everyone
et stykke;a piece
et kakestykke;a piece of cake
en mengde;"a number of, amount of;"
et telefonnummer;a phone number
et nummer;a number
ville;wanted to, would
lo;laughed
fant;found
sov;slept
tok;took
brukte;used, spent
lekte;played
kjøpte;bought
sang;sang
trodde;thought, believed
visste;knew
sa;said
skrev;wrote
tenkte;thought
valgte;chose
betydde;meant
dro;went, left
fylte;filled
ringte;called, rang
takket;thanked
tapte;lost (a game)
kjørte;drove
viste;showed
takket være;thanks to
å koste;to cost
en krone;a Norwegian Krone
å tømme;to empty
tømte;emptied
et gjennomsnitt;a mean, average
i gjennomsnitt;on average
per;per
å telle;to count
telte;counted
hundrevis;hundreds
verdt;worth
tusenvis;thousands
halvveis;halfway
en meter;a meter
å gjenstå;to remain, be left
en halvpart;a half
å legge til;to add
å trekke fra;to subtract
et mindretall;a minority
å begrense;to limit
å ha rett;to be right
delvis;partly, partially
dobbelt;double
til sammen;in total, all together
et flertall;a majority
å regne;to calculate, count
et hjemland;a home country, homeland
øst;east
en bagasje;a baggage
vest;west
kollektivtrafikk;public transport
en ferge;a ferry
nord;north
sør;south
en kontakt;a contact
en trikk;a tram
å lande;to land
en retning;a direction
en fartsgrense;a speed limit
en kilometer;a kilometer
i timen;per hour
en ankomst;an arrival
en avgang;a departure
hvor lang tid;how much time
direkte;direct, directly
fremmed;foreign
å ta noen med;to bring someone (somewhere)
et fly;a plane
en gjestfrihet;a hospitality
løp;ran
fikk;got
svingte;turned
smilte;smiled
ga;gave
døde;died
mistet;lost, dropped
møtte;met
skjedde;happened
da;when (past)
kjente;knew, was familiar with
solgte;sold
holdt;held, kept
så på;looked at, watched
hva holdt du på med;what were you doing
vant;won
oppførte seg;behaved
betalte;paid
inneholdt;contained, held
presenterte;presented, introduced
støttet;supported
lette etter;looked for
svarte;answered, replied
forklarte;explained
virket;seemed, appeared
åpnet;opened
spurte;asked
Nederland;the Netherlands
nederlandsk;Dutch
Sør-Korea;South Korea
koreansk;Korean
Iran;Iran
Israel;Israel
israelsk;Israeli
hebraisk;Hebrew
Saudi-Arabia;Saudi Arabia
arabisk;Arabic
en egypter;an Egyptian
Egypt;Egypt
egyptisk;Egyptian
India;India
indisk;Indian
en inder;an Indian person
Tyrkia;Turkey
tyrkisk;Turkish
Palestina;Palestine
en palestiner;a Palestinian
palestinsk;Palestinian
Mexico;Mexico
USA;the USA
afrika;Africa
Sør-Afrika;South Africa
sørafrikansk;South African
afrikaans;Afrikaans
Brasil;Brazil
brasiliansk;Brazilian
Canada;Canada
kanadisk;Canadian
Amerikas forente stater;the United States of America
en stat;a state
en engelskmann;an Englishman
England;England
en engelsklærer;an English teacher
ei kule;a sphere
et midtpunkt;a center
en sirkel;a circle
rund;round
en form;a shape, form
en vinkel;an angle
en kurve;a curve
en dimensjon;a dimension
en topp;a top
en pyramide;a pyramid
et hjørne;a corner
en linje;a line
et kvadrat;a square
en trekant;a triangle
en dybde;a depth
en tavle;a board
en evne;an ability
lesevansker;reading difficulties
en vanske;a difficulty
en skolegård;a schoolyard
ifølge;according to
å leve over evne;to live beyond one's means
å ha kjempelyst til å;to really want to
en italiensktime;an Italian class
en time;a class, time
nittenhundretallet;the 1900s
sto;stood
forsto;understood
antok;assumed, supposed
sluttet;stopped
begynte;began, started
bestemte;decided
laget;made
hjalp;helped
lærte;learned, taught
lærte seg;learned, taught oneself
forsøkte;attempted, tried
la;laid (active)
rakk;sufficed, reached
satt;sat
kunne;could
satte;set, sat (active)
glemte;forgot
bestemte seg;determined, decided
lå;lay
hang;hung
hengte;hung, hanged
levde;lived
lot;let
ble;became
trengte;needed
tørket;dried
leide;rented
fulgte;followed
leste;read
fløy;flew
føltes;felt
husket;remembered
pleide å;used to, tended to
havnet;wound up, ended up
het;was/were called
traff;met, crashed into
kysset;kissed
likte;liked
likte seg;enjoyed oneself
håpte;hoped
om gangen;at a time
et navn;a name
en liste;a list
et system;a system
en utsikt;a view
en gruppe;a group
et løfte;a promise
en del;a part
et medlem;a member
en sort;a kind, sort
en design;a design
en måte;a way
en type;a type
et nivå;a level
en ordre;an order
et innhold;a content, contents
en endring;a change
en profil;a profile
et tilfelle;a case
en versjon;a version
en kategori;a category
en beskrivelse;a description
en forskjell;a difference
en aktivitet;an activity
et utstyr;a piece of equipment
en begynnelse;a beginning
en sjanse;a chance
et resultat;a result
en blanding;a mixture, mix
et alternativ;an alternative
en stemme;a voice, vote
en rolle;a role
en slutt;an end
en effekt;an effect
en grad;a degree
et lys;a light
et mørke;a darkness
et bevis;a proof, evidence
et liv;a life
en union;a union
en søvn;a sleep
en grunn;a reason
et tema;a topic, theme, subject
på grunn av;because of
fri;free
sikker;secure, sure, safe
kjent;well-known, famous
å være kjent i;to know one’s way around
har fått;have gotten, recieved
har vært;have been
har gått;have gone, walked
har lest;have read
har sett;have seen
har dratt;have gone, left
har bodd;have lived, resided
har ringt;have called
har gitt;have given
har regnet;have rained
har skrevet;have written
har hørt;have heard
har spist;have eaten
har spurt;have asked
har sendt;have sent
har hengt;have hung (up)
har kommet;have come
har gjort;have done
har sagt;have said
har sovet;have slept
har mistet;have lost, dropped
har presentert;have presented, introduced
har snakket;have spoken
har ligget;have lain
har satt;have set, put
har stilt;"have posed; stood up, put"
har stengt;have closed
har arbeidet;have worked
har begynt;has begun
et valg;a choice
et ønske;a wish
en samtale;a conversation
en tanke;a thought
en mening;an opinion, intention, meaning
en feil;a mistake, fault, error
å minne;to remind
et minne;a memory
en drøm;a dream
en tro;a belief, faith
et håp;a hope
en løsning;a solution
en beslutning;a decision
å ta en beslutning;to make a decision
et problem;a problem
en enighet;an agreement, unity
å lyve;to lie
løy;lied
har løyet;have lied
en mulighet;a possibility, opportunity
kaldest;coldest
færrest;fewest
relativt;relatively
varmest;warmest, hottest
eldst;oldest
minst;smallest, least
penest;prettiest
aller;by far, of all
en bestevenn;a best friend
best;best
først og fremst;first of all, first and foremost
verst;worst
størst;biggest
fremst;foremost, in front
som oftest;usually, generally
flest;most
de fleste;the majority of, most of
å sammenligne;to compare
fremfor;over, above, instead of
med mindre;unless
de færreste;very few
skal;shall, will, is going to
bør;should, ought to
får;may, get to, be allowed to
lar;let, allow
tør;dare
kunne;could, was able to
ville;wanted to, was going to
måtte;had to, needed to
skulle;should, was going to
burde;should have, ought to have
fikk;got to, was allowed to
lot;let, allowed
turte;dared to
Takk skal du ha.;Thank you.
har smakt;have tasted
har truffet;have met, hit
har tenkt;have thought
har lagt;have laid, put
har laget;have made
har sittet;have sat
har forsøkt;have tried
har kjøpt;have bought
har svømt;have swum
har stått;have stood
har forlatt;have left
hadde skrevet;had written
hadde gitt;had given
hadde funnet;had found
hadde tatt;had taken
hadde skåret;had cut, sliced
hadde glemt;had forgotten
hadde visst;had known
hadde oppdaget;had discovered
hadde levd;had lived
hadde dødd;had died
en forbrytelse;a crime
å begå;to commit
menneskeheten;humanity
fornuftig;reasonable, rational
en kritikk;a criticism
en straff;a punishment, sentence
å fortjene;to deserve
en filosofi;a philosophy
en erfaring;an experience, skill
en filosof;a philosopher
en illusjon;an illusion
en sannhet;a truth
en løgn;a lie
en livsløgn;a lifelong delusion
en påminnelse;a reminder
en rett;a right
et utgangspunkt;a starting point, a beginning
i utgangspunktet;initially
vis;wise
de vises stein;The philosopher’s stone
rettferdig;fair, just
urettferdig;unfair, unjust
makt;power
en regel;a rule
et faktum;a fact
ansvarlig;responsible
en tvil;a doubt
tvil;doubts
en virkelighet;a reality
en handling;an action, act, deed
ærlig;honest, sincere
et sinn;a mind
en hensikt;a purpose, intention
uskyldig;innocent
et vitne;a witness
klok;wise, clearheaded
å innse;to realize
en opplevelse;an experience
gal;"wrong; crazy, mad"
å innrømme;to admit
å lure på;to wonder
bar;carried, bore
forberedt;prepared
en blomst;a flower
en rose;a rose
et hav;an ocean, sea
et gress;a grass
en himmel;a sky
himmelen;heaven
ei luft;an air
en ild;a fire
jorden;the earth
en plante;a plant
en is;an ice
et fjell;a mountain
ei elv;a river
en røyk;a smoke
en vulkan;a volcano
å ødelegge;to destroy
ødela;destroyed
har ødelagt;have destroyed
et jordskjelv;an earthquake
et miljø;an environment
å brenne;to burn
brant;burned, burnt
brente;burned, burnt
har brent;has burned, has burnt
en sand;a sand
et hull;a hole
et landskap;a landscape
et tre;a wood
å vokse;to grow
å stige;to rise, step
steg;rose, stepped
har steget;have risen, stepped
en bølge;a wave
en gass;a gas
en væske;a liquid
en tilstand;a state, condition, status
naturlig;natural
et metall;a metal
en istapp;an icicle
tørr;dry
en ørken;a desert
et avfall;a waste
en forurensning;a pollution
et støv;a dust
å resirkulere;to recycle
en midnattssol;a midnight sun
jorda rundt;the world over
luftforurensning;air pollution
å lide;to suffer
uheldig;unfortunate
å avslutte;to finish (up), close
heldig;fortunate
et menneskeliv;a (human) life
over bord;overboard
et tap;a loss
å overleve;to survive, outlive
tilfeldig;random, accidental
en tilfeldighet;a coincidence
stakkars...;poor...
si;say, tell
tenk;think
selg;sell
les;read
spis;eat
kom;come
svar;answer
si det;"Who knows, I wonder; say it"
ta;take
hjelp;help
bruk;use
kjøp;buy
vennligst;please, kindly
gjør;do
lytt;listen
tro;believe
syng;sing
følg;follow
betal;pay
hold;hold, keep
skriv;write
gå;go, walk
spør;ask
Spør du meg...;If you ask me...
hold opp;stop it, hold up
kyss;kiss
forlat;leave
gi;give
vask;clean, wash
fortsett;continue
åpne;open
ring;call
vent;wait
slutt;stop
legg;lay, put
legg deg;lie down
legg til;add
vær;be
løp;run
la;let
et vintervær;a winter weather
som;who, which, that
det;what
der;where
vil;wants to, will
skal;will, shall
kommer til å;going to
å oppnå;to achieve
å påvirke;to affect, influence, impact
i overmorgen;the day after tomorrow
å ordne seg;to work itself out
å hindre;to prevent, hinder, stop
en stund;a while
et lag;a team
en ball;a ball
en sport;a sport
et spill;a game, play
å spille;to play
et poeng;a point
en spiller;a player
fotball;soccer
basketball;basketball
en fotball;a soccer ball
å trene;to exercise, work out, train
et steg;a step
en trener;a coach
aktiv;active
en basketball;a basketball
å sparke;to kick
en bane;a field
volleyball;volleyball
en volleyball;a volleyball
et treningssenter;a gym
en garderobe;a locker room
tennis;tennis
en kamp;a game, match
en idrett;a sport
en verdensmester;a world champion
en turnering;a tournament
golf;golf
å kaste;to throw
ishockey;hockey
en mat;a food
et måltid;a meal
en frokost;a breakfast
en lunsj;a lunch
en middag;a dinner
en pasta;a pasta
en suppe;a soup
en drikk;a drink
å drikke;to drink
en te;a tea
en vin;a wine
et øl;a beer
suppen;the soup
osten;the cheese
egget;the egg
brødet;the bread
vannet;the water
måltidet;the meal
kyllingen;the chicken
kjøttet;the meat
ei ku;a cow
kua;the cow
ei hytte;a cabin
hytta;the cabin
smørbrødet;the sandwich
ølet;the beer
ølen;the beer
jordbæret;the strawberry
ei kone;a wife
kona;the wife
sitronen;the lemon
sukkeret;the sugar
saltet;the salt
ei bygd;a village
bygda;the village
ei øy;an island
øya;the island
brevet;the letter
pastaen;the pasta
maten;the food
fisken;the fish
oljen;the oil
risen;the rice
en avis;a newspaper
avisen;the newspaper
appelsinen;the orange
vegetarianeren;the vegetarian
boken;the book
iskremen;the ice cream
tomaten;the tomato
meg;me
deg;you
ham;him
henne;her
dere;you
oss;us
dem;them
den;it, that
flere;several
hunder;dogs
brevene;the letters
smørbrødene;the sandwiches
eplene;the apples
jordbærene;the strawberries
barna;the children
å lage;to make
å betale;to pay
å arbeide;to work
å kjøpe;to buy
å selge;to sell
å gjøre;to do
å vise;to show
å lytte;to listen
å le;to laugh
å gråte;to cry
vil;wants to, will
å lukte;to smell
å smile;to smile
å ha;to have
å finne;to find
å velge;to choose
å sove;to sleep
å regne;to rain
å vaske;to clean, wash
å ta;to take
å bety;to mean
å kjøre;to drive
å bruke;to use
å leke;to play
å synge;to sing
å tegne;to draw
å støtte;to support
man;one, you
å trenge;to need
å lage mat;to cook
én;one
éi;one
ett;one
to;two
tre;three
fire;four
fem;five
seks;six
sju;seven
åtte;eight
ni;nine
ti;ten
min;my, mine
din;your, yours
hans;his
hennes;her, hers
vår;our, ours
deres;your, yours, their, theirs
å tilhøre;to belong to
mitt;my, mine
ditt;your, yours
vårt;our, ours
mi;my, mine
di;your, yours
eier;owns
mine;my, mine
dine;your, yours
våre;our, ours
sin;his/her/its/their own
sitt;his/her/its/their own
si;his/her/its/their own
sine;his/her/its/their own
å ha på seg;to wear
en jakke;a jacket
en sko;a shoe
sko;shoes
en genser;a sweater
ei skjorte;a shirt
klær;clothes
briller;glasses
et skjørt;a skirt
en kjole;a dress
bukser;pants
en sokk;a sock
en dress;a suit
en hatt;a hat
ei lue;a beanie
et skjerf;a scarf
en hanske;a glove
en lomme;a pocket
et belte;a belt
en knapp;a button
en frakk;a coat
en støvel;a boot
støvler;boots
et slips;a tie
en vott;a mitten
en pose;a bag
å kle på seg;to get dressed
å kle;to dress
et undertøy;an underwear
stor;big, large, great
varm;warm, hot
kald;cold
ny;new
god;good
små;small, little
lille;small, little
liten;small, little
lita;small, little
lite;small, little
enkel;simple
vanskelig;difficult, hard
dårlig;bad
fin;fine
åpen;open
interessant;interesting
kjedelig;boring
lang;long
kort;short, quick
hel;whole, complete, entire
altfor;way too
ren;clean, pure
lik;like, similar
forskjellig;different, various
skitten;dirty
tung;heavy
viktig;important
trygg;safe
full;full, drunk
lett;light, easy
dyr;expensive, pricey
billig;cheap
tom;empty
mulig;possible
flott;great
vanlig;ordinary, normal
riktig;correct, right
klar;clear, ready
mye;much, a lot
redd;afraid
å se ut;to look
forferdelig;terrible, awful
trøtt;tired
utrolig;incredible, unbelievable
fantastisk;fantastic
sulten;hungry
hard;hard
historisk;historic, historical
svart;black
en farge;a color
rød;red
rødt;red
mødre;mothers
en mamma;a mom
en sønn;a son
ei datter;a daughter
døtre;daughters
et søsken;a sibling
søsken;siblings
søsknene;the siblings
en tvilling;a twin
en søster;a sister
søstre;sisters
en bror;a brother
brødre;brothers
en forelder;a parent
foreldre;parents
en storebror;a big brother
en lillesøster;a little sister
en farfar;a paternal grandfather
en farmor;a paternal grandmother
en morfar;a maternal grandfather
en mormor;a maternal grandmother
en bestefar;a grandfather
en bestemor;a grandmother
et barnebarn;a grandchild
en tante;an aunt
en kusine;a female cousin
en fetter;a male cousin
et enebarn;an only child
en onkel;an uncle
et søskenbarn;a cousin
et bryllup;a wedding
en ektefelle;a spouse
en svigerinne;a sister-in-law
en svigermor;a mother-in-law
et par;a couple, pair
en svoger;a brother-in-law
en ektemann;a husband
en svigerfar;a father-in-law
en niese;a niece
en nevø;a nephew
en slektning;a relative
et oldebarn;a great-grandchild
en oldeforelder;a great-grandparent
en oldefar;a great-grandfather
en oldemor;a great-grandmother
en stebror;a stepbrother
i slekt med;related to
en stemor;a stepmother
et ektepar;a married couple
en time;an hour
senere;later
sen;late
et år;a year
en dato;a date
en måned;a month
januar;January
februar;February
mars;March
april;April
mai;May
juni;June
juli;July
august;August
september;September
oktober;October
november;November
desember;December
en vår;a spring
en sommer;a summer
en høst;an autumn, fall
en vinter;a winter
ut på dato;out of date, expired
en forfatter;a writer, author
en student;a student
en lege;a doctor
en jobb;a job
et arbeid;a work
å studere;to study
en sjef;a boss
et kontor;an office
en skuespiller;an actor
en skuespillerinne;an actress
et teater;a theater
en brannmann;a firefighter
en bonde;a farmer
en prest;a priest
en ingeniør;an engineer
en bussjåfør;a bus driver
en kirke;a church
å jobbe;to work
en telefonselger;a telemarketer
bønder;farmers
et intervju;an interview
arbeidsledig;unemployed
dagpenger;unemployment benefits
en rørlegger;a plumber
en elektriker;an electrician
å søke;to search
å søke etter;to search for
en annonse;an advertisement
en sekretær;a secretary
en CV;a resume
overtid;overtime
en attest;a letter of recommendation
hva slags;What kind of
hvor mye;how much
hvem sine;whose (p)
et spørsmål;a question
å forstå;to understand
å spørre;to ask
å svare;to answer, reply
et svar;an answer, reply
når;when
å stille;to pose, ask
hvilke;which
hvilket;which
hvilken;which
hva;what
å vite;to know
vet;knows
jo;yes, on the contrary
hvem sitt;whose
hvem sin;whose
hvem si;whose
hvem sine;whose
hvis;whose
å tenke;to think
å redde;to save, rescue
å ringe;to call, ring
å smake;to taste
å vente;to wait
å ønske seg;to wish for
å ønske;to wish
å skje;to happen
å behøve;to need
å hate;to hate
å kjenne;to know, be familiar with
å slå på;to turn on
å slå;to beat, strike
å føle;to feel
å stemme;to be correct, to vote
å slutte;to stop, quit, finish
å lære;to learn, teach
å lære noen å kjenne;to get to know someone
å takke;to thank
å dø;to die
å tro på;to believe in
å lete;to look
å lete etter;to look for
å følge;to follow, accompany
å virke;to seem, work (function)
å kysse;to kiss
å klemme;to hug
å fryse;to be cold, freeze
å hvile;to rest
å finnes;to exist, be found
sjelden;seldom, rarely
bare;just, only
ennå;yet, still
kanskje;perhaps, maybe
igjen;again
å kjenne igjen;to recognize
umulig;impossible
til og med;even
borte;gone, away, over
alle sammen;everybody
allerede;already
fortsatt;still
egentlig;actually, really
dessverre;unfortunately
nesten;nearly, almost
snart;soon, shortly
heller;either, rather
nok;enough
enn;than
vanligvis;normally, usually
gjerne;gladly, happily
vil gjerne;would like
kun;only, just
svært;very, really
helt;completely, totally
Hva så?;So what?
åpenbart;obviously
akkurat;right, exactly
akkurat nå;right now
nok;probably
et kjøkken;a kitchen
en vei;a road, way
en by;a city
en strand;a beach
strender;beaches
overalt;everywhere
et land;"a country; countryside"
å bo på hotell;to stay at a hotel
et hotell;a hotel
på vei;on the way
en hage;a garden
et rom;a room
en flyplass;an airport
et område;an area
et sted;a place
en gate;a street
et slott;a castle, palace
kjempestor;huge, gigantic, massive
en park;a park
en avdeling;a department
en region;a region
en adresse;an address
en etasje;a floor, story
en kurv;a basket
en stein;a stone
en kjel;a pot
å gå til sak mot;to sue
en mynt;a coin
en sak;a case, cause
en bit;a piece, bit
en motor;an engine, motor
et hjul;a wheel
en bil;a car
en hylle;a shelf
en duk;a tablecloth
ingenting;nothing
et pulver;a powder
en matte;a rug
en gjenstand;an item, object
et stoff;a fabric, material, substance
ei eske;a box
en kjeller;a basement
et søppel;a garbage, trash
ekstra;extra, additional
en bilnøkkel;a car key
en dagbok;a diary
en lommebok;a wallet
en teskje;a teaspoon
en motorvei;a highway, freeway, motorway, expressway
en matbutikk;a grocery store, supermarket
en stavkirke;a stave church
et leketøy;a toy
en stekepanne;a frying pan
et soverom;a bedroom
lesebriller;reading glasses
et svømmebasseng;a swimming pool
en rullestol;a wheelchair
en arbeidsgiver;an employer
en arbeidsplass;a workplace
en fornøyelsespark;an amusement park
en tobarnsfamilie;a family with two children
en årstid;a season
arbeidstid;working hours
en kattemat;a cat food
en hundemat;a dog food
en barnehage;a kindergarten
en dyrehage;a zoo
en barnebok;a children’s book
en hestesko;a horse shoe
det er tomt for...;There is no more...
først;first
nøyaktig;exact, exactly
fremdeles;still
nær;close, near
lenge;(for) a long time
sannsynligvis;probably
siden;ago, since
hva som helst;anything, whatever
helst;rather, most preferably
hvem som helst;anyone, whoever
å lære seg;to learn, teach oneself
når som helst;anytime, whenever
unna;away, off
langt unna;far away
absolutt;absolutely
hvor som helst;anywhere, wherever
å komme på besøk;to come visit
en venn;a friend
et vennskap;a friendship
en gjest;a guest
et gjesterom;a guest room
en kjæreste;a boyfriend, girlfriend
et spedbarn;a baby
en person;a person
en ungdom;a youth
en fiende;an enemy
et menneske;a human
en komité;a committee
en konferanse;a conference
en allmennhet;a public
et individ;an individual
en befolkning;a population
en dame;a lady
et folk;a people
et offer;a victim
en borger;a citizen
et forhold;a relationship
en fyr;a fellow, guy
å være glad i;to be fond of
en nabo;a neighbour
en konge;a king
en prinsesse;a princess
en prins;a prince
en dronning;a queen
en viking;a viking
en tenåring;a teenager
en kronprins;a crown prince
å fortelle;to tell
å forlate;to leave
å drømme;to dream
å klare;to manage, be able to
å dele;to share, split
å sende;to send
å anta;to suppose, presume
å passe;to fit
å forklare noen;to explain to someone
å be;"to ask; invite"
å vinne;to win
å forvente;to expect
å tape;to lose
å gjelde;to be valid, apply, concern, count
å skjære;to cut
å love;to promise
å overraske;to surprise
å håpe;to hope
å handle;to shop, trade, act
å handle om;to be about
å glemme;to forget
egen;own, of one’s own
eget;own, of one’s own
egne;own, of one’s own
denne;this
dette;this
disse;these
alt;everything
en annen;another
et annet;another
ei anna;another
andre;other, others
noe annet;something else
sånn;such, like that
samme;same, the same
dets;its
dens;its
hverandre;each other
hverandres;each other’s
selv;by oneself, oneself
visst;certainly, surely
slik;such, like that
både...og;both...and
begge;both
begge to;both (of them)
intet;no, no one, nobody, none
hver eneste;every single
enten;either
annenhver;every other
annenhvert;every other
ingen;no, no one, nobody, none
elleve;eleven
tolv;twelve
tretten;thirteen
fjorten;fourteen
femten;fifteen
seksten;sixteen
sytten;seventeen
atten;eighteen
nitten;nineteen
tjue;twenty
tjuefire;twenty-four
tjuesju;twenty-seven
tjueåtte;twenty-eight
tretti;thirty
trettien;thirty-one
førti;forty
førtito;forty-two
førtiåtte;forty-eight
femti;fifty
femtien;fifty-one
seksti;sixty
sekstien;sixty-one
sekstifire;sixty-four
sekstini;sixty-nine
sytti;seventy
syttito;seventy-two
syttiåtte;seventy-eight
åtti;eighty
åttifire;eighty-four
åttiseks;eighty-six
nitti;ninety
nittifem;ninety-five
nittiseks;ninety-six
nittini;ninety-nine
et hundre;a hundred
et tusen;a thousand
en million;a million
en milliard;a billion
var;was, were
spiste;ate
gikk;walked, went
hadde;had
drakk;drank
i sted;a moment ago
jobbet;worked
elsket;loved
gjorde;did
snakket;spoke, talked
i tide;in time
kom;came
så;saw
hørte;heard
å kaste bort;to waste
en skismøring;a ski wax
en skistav;a ski pole
utfor;downhill skiing
slalåm;slalom skiing
langrenn;cross-country skiing
å gå på ski;to ski
en ski;a ski
ski;skis
å kjøre utfor;to ski downhill
å kjøre slalåm;to ski slalom
i spill;in play
Au da!;Oh dear!
Det spiller ingen rolle.;It doesn’t matter.
å ses;to be seen
å kritisere;to criticize
å kritiseres;to be criticized
å elskes;to be loved
å bygges;to be built
å stoppes;to be stopped
å økes;to be raised, increased
å velges;to be chosen
å avhøre;to question, interrogate
å trykke;to print
å flyttes;to be moved
å rane;to rob
å bli påkjørt;to get run over
født;born
å motta;to receive
å nektes;to be denied
å kalles;to be called
å leses;to be read
påvirket;under the influence
en sjøreise;a sea voyage
å slå;to beat, strike
en tur;a turn
et nivå;a level
et oppdrag;a mission
å nå;to reach
en terning;a die, cube
et spill;a game
et rollespill;a role-playing game
neste;next
siste;last
forrige;previous, last
første;first
andre;second
tredje;third
fjerde;fourth
femte;fifth
sjette;sixth
sjuende;seventh
åttende;eighth
niende;ninth
tiende;tenth
ellevte;eleventh
tolvte;twelfth
trettende;thirteenth
tjuende;twentieth
trettiende;thirtieth
hundrede;hundredth
på lenge;in a long time
et kart;a map
en motorsykkel;a motorcycle
å reise;to travel, journey
et tog;a train
en billett;a ticket
et skip;a ship
en koffert;a suitcase
en båt;a boat
å reise bort;to go away, travel away
en buss;a bus
en ryggsekk;a backpack
en drosje;a cab
en guide;a guide
en bru;a bridge
et pass;a passport
en turist;a tourist
internasjonalt;internationally
et kjøretøy;a vehicle
t-banen;the metro
en ferie;a vacation
å ta ferie;to take a vacation
et språk;a language
en verden;a world
en holdeplass;a stop
i utlandet;abroad
å reise på eventyr;to go on an adventure
et eventyr;an adventure
en aksent;an accent
et kontinent;a continent
stengte;closed
å dukke opp;to turn up, appear
dukket opp;turned up, appeared
bodde;resided, lived
beholdt;kept
ventet;waited
stolte;trusted
ba;asked, prayed
i går;yesterday
Danmark;Denmark
dansk;Danish
Sverige;Sweden
svensk;Swedish
Skandinavia;Scandinavia
skandinavisk;Scandinavian
Tyskland;Germany
tysk;German
Finland;Finland
finsk;Finnish
Island;Iceland
islandsk;Icelandic
en islender;an Icelander
nordisk;Nordic
Europa;Europe
europeisk;European
Hellas;Greece
en greker;a Greek person
gresk;Greek
Frankrike;France
fransk;French
en franskmann;a French person
Storbritannia;Great Britain
britisk;British
Russland;Russia
russisk;Russian
Italia;Italy
italiensk;Italian
en italiener;an Italian
Spania;Spain
spansk;Spanish
Sveits;Switzerland
sveitsisk;Swiss
Østerrike;Austria
østerriksk;Austrian
en østerriker;an Austrian
Japan;Japan
japansk;Japanese
Kina;China
kinesisk;Chinese
Polen;Poland
en polakk;a Pole
polsk;Polish
en høyde;a height
en kant;an edge
en lengde;a length
en bredde;a width, breadth
på størrelse med;the size of
en bunn;a bottom
en skole;a school
en leksjon;a lesson
en elev;a schoolchild, pupil, stu-
et notat;a note
en pause;a break
å ta seg en pause;to take a break
et kurs;a course
et friminutt;a recess
et eksempel;an example
for eksempel;for example
en prøve;a test
en studie;a study
et bibliotek;a library
et essay;an essay
en idé;an idea
et ord;a word
en klasse;a class
en oppgave;a task
en karakter;a grade
til tross for at;even though, despite the fact that
et kapittel;a chapter
en kunnskap;a knowledge
et universitet;a university
en høyskole;a college
en lekse;a homework
en presentasjon;a presentation
en forelesning;a lecture
en professor;a professor
en romkamerat;a roommate
en historie;a story
historie;history
å stave;to spell
et dokument;a document
en side;a page
en forklaring;an explanation
et mål;a goal, purpose
å jukse;to cheat
en ordbok;a dictionary
en undervisning;a schooling, teaching, instruction
et fag;a subject, field
av fag;by trade
å oversette;to translate
et klasserom;a classroom
falt;fell
klarte;managed to do
i går morges;yesterday morning
i morges;this morning
et internett;an internet
et passord;a password
en fil;a file
tilgjengelig;accessible, available
en lenke;a link
en nettside;a website
å redigere;to edit
en tilgang;an access
en blogg;a blog
et innlegg;an entry, a post
en konto;an account
å kommentere;to comment, comment on
kommenter;comment, comment on
å logge på;to log on
å logge ut;to log out
en e-post;an email
å abonnere;to subscribe
å laste ned;to download
en maskinvare;a hardware
en utgave;a version, edition
å poste;to post
å legge ut;to post
en bruker;a user
å klikke;to click
gyldig;valid, applicable
ugyldig;invalid
et programmeringsspråk;a programming language
å slette;to delete
å slå av;to turn off
en robot;a robot
et vedlegg;an attachment
et nettverk;a network
et uhell;an accident
ved et uhell;by accident
et tastatur;a keyboard
en programvare;a software
å oppdatere;to update
et program;a program
å installere;to install
en innstilling;a setting
å lagre;to save
å trykke på;to press
en hodetelefon;a headphone
i timen;per hour
å lukke;to close
automatisk;automatic, automatically
en natt til mandag;a Sunday night
;
populær;popular
virkelig;really, real
mest;most
få;few
søt;sweet, cute
søtest;cutest
lur;smart, clever, sly
sann;TRUE
Ikke sant?;Right?
Hei sann!;Hey there!
typisk;typical, typically
forsiktig;careful, carefully
smart;smart
smartest;smartest
stygg;ugly
svak;weak
ordentlig;real, proper
sterk;strong, spicy
kjempesterk;very strong
sterkere;stronger
ferdig;done, finished, ready
tørst;thirsty
tørstere;thirstier
flink;skilled, clever, good
å være flink til;to be good at
flinkere;smarter, more adept
vant;used, accustomed
kul;cool
mett;full (food)
mettere;fuller (food)
dum;stupid, silly
dum som et brød;thick as a brick
lav;low, short
lavere;lower
ulik;unlike
midlertidig;temporary
høy;tall, loud
høyeste;tallest, highest
frisk;healthy, fresh
ledig;available, vacant
myk;soft
mykest;softest
komplisert;complicated
ryddig;tidy
ryddigst;tidiest
sliten;tired, exhausted
rolig;calm, calmly
rotete;messy, untidy
mer rotete;messier
;
;
;
har hatt;have had
har tatt;have taken
har blitt;have become
;
;
et ansvar;a responsibility
en årsak;a cause, reason
en forståelse;an understanding
en verdi;a value
en kjærlighet;a love
omtenksom;thoughtful
en fremgang;a success, progress
en fred;a peace
et samhold;a togetherness, unity, camaraderie
;
å tåle;to put up with, endure, bear, stand
;
et forslag;a suggestion, proposal
et emne;a topic, subject
å ombestemme seg;to change one’s mind
et blikk;a glance
et formål;a purpose, cause
utenkelig;unthinkable
mystisk;mysterious, mystical
et mareritt;a nightmare
et syn;a sight, vision
en opplysning;a piece of information,enlightenment
å våkne;to awake
å oppfinne;to invent
opplysningen;Directory assistance
opplysningstiden;the Age of Enlightenment
å late;to pretend
lot;pretended
har latt;has pretended
uvitende;ignorant
å komme til enighet;to come to an agreement
;
;
større;larger, bigger
yngre;younger
mindre;smaller, less
;
enda;"even; one more"
enda en;one more, another
kaldere;colder
varmere;warmer, hotter
snillere;kinder, nicer
nyere;newer
sjeldnere;more seldom, less often
eldre;older
lengre;longer
oftere;more often
færre;fewer
tidligere;earlier
penere;prettier
jo...jo...;the...the...
bedre;better
verre;worse
lettere;easier
;
har betalt;have paid
har fulgt;have followed
har utviklet;have developed
har sunget;have sung
har valgt;have chosen
har villet;have wanted
har lekt;have played
har hoppet;have jumped
har fortalt;have told
har tvunget;have forced
har solgt;have sold
har åpnet;have opened
har vunnet;have won
har stanset;have stopped (moving)
har skjedd;has happened
har tillatt;have allowed, permitted
har bestilt;have ordered
har drukket;have drunk
har antatt;have assumed, supposed
;
har vasket;have washed, cleaned
har savnet;have missed
har kjent;have known, been familiar with
;
har sluttet;have stopped
å legge på seg;to put on weight
å legge;to put to bed
i det siste;recently, lately
;
;
;
;
et møbel;a piece of furniture
ei dørmatte;a doormat
en oppkjørsel;a driveway
å rydde;to tidy, clear
en peis;a fireplace
en sofa;a sofa
et teppe;a carpet
å støvsuge;to vacuum
ei trapp;a staircase
ei badstue;a sauna
et strykebrett;an ironing board
å stryke;to iron
strøk;ironed
har strøket;have ironed
å sette kurs mot;to head for
en fjernkontroll;a remote control
;
;
;
;
hadde ringt;had called
hadde gått;had gone, walked
hadde hørt;had heard
hadde kommet;had come
;
å oppleve;to experience
å misbruke;to abuse, misuse
en kraft;a power, force
krefter;powers, forces
en dom;a judgement, sentence
en samvittighet;a conscience
en bevissthet;a consciousness
å bli til;to become
å gå til doms;to go to trial
med hensikt;intentionally, on purpose
med vilje;on purpose, intentionally
å ha dårlig samvittighet;to have a guilty conscience
;
en vilje;a will, determination
folk flest;most people
;
å rekke;to catch, reach, be enough, suffice
;
å treffe;"to meet; hit"
kjennes;feels
å treffes;to meet
å låne;to borrow, loan, lend
å dekke;to cover
å skade;to hurt, damage
å øke;to increase
forlot;left
å forbli;to remain
å stoppe;to stop
å tillate;to allow, permit
å innføre;to import, introduce, bring in
;
å erstatte;to replace
å forandre;to change
å støtte;to support
å tvinge;to force
å vekke;to wake (someone) up
å starte på nytt;to start over
å forbedre;to improve
å spare;to save
å starte;to start
å godta;to accept
å blande;to mix
å diskutere;to discuss, debate
å gjenta;to repeat
å sjekke;to check
å bytte;to swap, exchange
å unngå;to avoid
å passe på;to look after
å anbefale;to recommend
å anta;to assume
å advare;to warn
å hente;to fetch, pick up
å flytte;to move
;
;
;
en stjerne;a star
en planet;a planet
verdensrommet;space
en måne;a moon
en galakse;a galaxy
et univers;a universe
en satellitt;a satellite
et teleskop;a telescope
et ormehull;a wormhole
å reise i tid;to time travel
en energi;an energy
en bane;an orbit
en tyngdekraft;a gravity
en astronom;an astronomer
en astronaut;an astronaut
en romstasjon;a space station
et smell;a bang, crash
ei sol;a sun
et solsystem;a solar system
utenomjordisk;extraterrestrial, unearthly
;
å utforske;to explore
et mysterium;a mystery
å observere;to observe
enorm;enormous
en base;a base
å lyse;to brighten, light
ubeboelig;uninhabitable
å etablere;to establish
beboelig;inhabitable, habitable
utrolig mange;an incredible number of
litt av;somewhat of
nordområdene;the High North
;
;
;
;
å eksistere;to exist
har dødd;have died
evig;eternal, eternally, forever
en ende;an end
et drap;a murder
endelig;finally, at last
en eksistens;an existence
en skjebne;a fate, destiny
en sjel;a soul
et selvmord;a suicide
en begravelse;a funeral, burial
død;dead
en grav;a grave
å drukne;to drown
en død;a death
nå for tiden;nowadays
å sørge over;to mourn
;
slapp av;relax
lekk;play
avbryt;interrupt
å avbryte;to interrupt, cancel
avbrøt;interupted
har avbrutt;have interrupted
møt;meet
se;see
lukk;close, shut
;
å lukke;to close, shut
å lukke opp;to open
å bekymre seg;to worry
bekymre deg;worry
pass på;watch out, make sure, take care
;
å snakke sant;to tell the truth
å ta på;to touch
det der;that
å ta kontakt med;to get in contact with
;
;
;
;
et vær;a weather
et regn;a rain
å blåse;to blow
en vind;a wind
en sky;a cloud
en snø;a snow
en meteorolog;a meteorologist
en varme;a warmth
å varsle;to notify, forecast
et termometer;a thermometer
et værvarsel;a weather forecast
ei kulde;a cold, coldness
et hagl;a hail
en nedbør;a precipitation
et lyn;a bolt of lightning
en torden;a thunder
et uvær;a storm
en tåke;a fog
en hetebølge;a heatwave
en tørke;a drought
solbrent;sunburned
et snøskred;an avalanche
en orkan;a hurricane
et klima;a climate
en frost;a frost
å skinne;to shine
glatt;slippery
en snøstorm;a snowstorm
en regnbue;a rainbow
å snø;to snow
snødde;snowed
har snødd;has snowed
et sted;somewhere
;
et løp;a race
en kølle;a stick, club
å dykke;to dive
et brettspill;a board game
sjakk;chess
å kaste opp;to throw up, vomit